,PL1_1,PL1_2,PL1_3,PL2_2,PL2_3,PL2_1,DIFF_cls,DIFF_pts,R1,R2,R3,R4,R5,R6,R7,R8,R9,R10,R11,R12,R13,R14,R15,R16,R17
19156,0.0,1.0,0.0,0.0,0.0,1.0,-1.0161555479942959,0.8396176387468215,0,0,0,0,0,0,0,0,0,0,0,0,0,0,0,0,0
53260,1.0,1.0,0.0,0.0,0.0,0.0,-0.12944956976319852,1.4630247267433885,0,0,0,0,0,0,0,0,0,0,0,0,0,0,0,0,0
28534,1.0,1.0,0.0,0.0,0.0,0.0,-0.2275523945407472,0.9513264233011196,0,0,0,0,0,0,0,0,0,0,0,0,0,0,0,0,0
23480,1.0,1.0,1.0,0.0,0.0,0.0,1.0778048641113345,-0.4558439111651198,0,0,0,0,0,0,0,0,0,0,0,0,0,0,0,0,0
21561,1.0,0.0,0.0,0.0,0.0,0.0,-0.2275523945407472,-0.8396176387468215,0,0,0,0,0,0,0,0,0,0,0,0,0,0,0,0,0
2099,1.0,1.0,0.0,0.0,0.0,0.0,-0.1685834834722753,1.079250999161687,0,0,0,0,0,0,0,0,0,0,0,0,0,0,0,0,0
36918,1.0,1.0,1.0,0.0,0.0,0.0,0.4141365740861694,1.9747230301856573,0,0,0,0,0,0,0,0,0,0,0,0,0,0,0,0,0
34285,1.0,1.0,1.0,0.0,0.0,0.0,6.84603652862731,1.718873878464523,0,0,0,0,0,0,0,0,0,0,0,0,0,0,0,0,0
71506,0.0,0.0,0.0,1.0,0.0,1.0,0.2350575286767345,-1.4630247267433885,0,0,0,0,0,0,0,0,0,0,0,0,0,0,0,0,0
1923,1.0,1.0,0.0,0.0,0.0,0.0,-0.016872557723388602,0.3117035439982835,0,0,0,0,0,0,0,0,0,0,0,0,0,0,0,0,0
49,1.0,1.0,1.0,0.0,0.0,0.0,-0.23130496160874084,1.9747230301856573,0,0,0,0,0,0,0,0,0,0,0,0,0,0,0,0,0
52934,0.0,0.0,0.0,0.0,0.0,1.0,0.23720185271558802,0.8396176387468215,0,0,0,0,0,0,0,0,0,0,0,0,0,0,0,0,0
40801,0.0,0.0,0.0,1.0,0.0,1.0,3.162595922721506,-0.3117035439982835,0,0,0,0,0,0,0,0,0,0,0,0,0,0,0,0,0
9756,1.0,0.0,0.0,0.0,0.0,0.0,-0.23666577170587463,-0.8396176387468215,0,0,0,0,0,0,0,0,0,0,0,0,0,0,0,0,0
29031,1.0,0.0,0.0,0.0,0.0,0.0,-0.10425376230666963,0.9513264233011196,0,0,0,0,0,0,0,0,0,0,0,0,0,0,0,0,0
51933,1.0,1.0,0.0,1.0,0.0,0.0,-0.35353143182339164,0.9513264233011196,0,0,0,0,0,0,0,0,0,0,0,0,0,0,0,0,0
58748,1.0,1.0,0.0,0.0,0.0,0.0,-0.11980011158835768,-0.4558439111651198,0,0,0,0,0,0,0,0,0,0,0,0,0,0,0,0,0
30968,1.0,1.0,0.0,0.0,0.0,0.0,-0.7641694852638411,-0.9675422146073887,0,0,0,0,0,0,0,0,0,0,0,0,0,0,0,0,0
13787,1.0,1.0,0.0,0.0,0.0,0.0,-0.24845955391956903,-0.07207018358341817,0,0,0,0,0,0,0,0,0,0,0,0,0,0,0,0,0
5858,1.0,1.0,0.0,0.0,0.0,0.0,0.21632268150193196,2.3584967577673592,0,0,0,0,0,0,0,0,0,0,0,0,0,0,0,0,0
39231,1.0,1.0,0.0,0.0,0.0,0.0,-0.2275523945407472,-0.8396176387468215,0,0,0,0,0,0,0,0,0,0,0,0,0,0,0,0,0
28787,0.0,0.0,0.0,0.0,0.0,1.0,0.2275523945407472,-1.079250999161687,0,0,0,0,0,0,0,0,0,0,0,0,0,0,0,0,0
28306,0.0,0.0,0.0,0.0,0.0,1.0,0.2677584702692507,-1.079250999161687,0,0,0,0,0,0,0,0,0,0,0,0,0,0,0,0,0
59754,0.0,0.0,0.0,0.0,0.0,1.0,0.04046012215077735,-0.8234018474405523,0,0,0,0,0,0,0,0,0,0,0,0,0,0,0,0,0
1659,0.0,0.0,0.0,0.0,0.0,1.0,0.1080063293746633,0.7116930628862542,0,0,0,0,0,0,0,0,0,0,0,0,0,0,0,0,0
35247,1.0,1.0,0.0,1.0,0.0,0.0,-0.34441805465826414,-1.863014245631359,0,0,0,0,0,0,0,0,0,0,0,0,0,0,0,0,0
11848,1.0,1.0,0.0,0.0,0.0,0.0,-0.07691363081128723,0.18377896813771627,0,0,0,0,0,0,0,0,0,0,0,0,0,0,0,0,0
64110,1.0,0.0,0.0,0.0,0.0,0.0,-0.2275523945407472,-0.8396176387468215,0,0,0,0,0,0,0,0,0,0,0,0,0,0,0,0,0
16038,1.0,1.0,0.0,1.0,0.0,0.0,-0.2623976601721169,-0.7116930628862542,0,0,0,0,0,0,0,0,0,0,0,0,0,0,0,0,0
40110,1.0,1.0,0.0,0.0,0.0,0.0,-0.2275523945407472,-0.19999475944398537,0,0,0,0,0,0,0,0,0,0,0,0,0,0,0,0,0
67790,1.0,0.0,0.0,0.0,0.0,0.0,-0.16161443034600137,0.6954772715799851,0,0,0,0,0,0,0,0,0,0,0,0,0,0,0,0,0
35390,1.0,0.0,0.0,0.0,0.0,0.0,-0.23720185271558802,-0.8396176387468215,0,0,0,0,0,0,0,0,0,0,0,0,0,0,0,0,0
16566,1.0,1.0,1.0,0.0,0.0,0.0,0.028158247092535366,0.4396281198588507,0,0,0,0,0,0,0,0,0,0,0,0,0,0,0,0,0
52195,1.0,1.0,0.0,0.0,0.0,0.0,-0.2988511688326268,0.05585439227714905,0,0,0,0,0,0,0,0,0,0,0,0,0,0,0,0,0
59916,1.0,1.0,1.0,0.0,0.0,0.0,-0.28598522459950565,0.6954772715799851,0,0,0,0,0,0,0,0,0,0,0,0,0,0,0,0,0
11394,1.0,1.0,1.0,0.0,0.0,0.0,2.2539665994224913,0.5675526957194179,0,0,0,0,0,0,0,0,0,0,0,0,0,0,0,0,0
30073,0.0,0.0,0.0,0.0,0.0,1.0,0.1519649721711605,0.5837684870256871,0,0,0,0,0,0,0,0,0,0,0,0,0,0,0,0,0
47262,1.0,1.0,0.0,0.0,0.0,0.0,-0.2275523945407472,-2.1188633973524933,0,0,0,0,0,0,0,0,0,0,0,0,0,0,0,0,0
60511,0.0,0.0,0.0,0.0,0.0,1.0,0.20074834405507816,-0.9513264233011196,0,0,0,0,0,0,0,0,0,0,0,0,0,0,0,0,0
6729,1.0,1.0,1.0,0.0,0.0,0.0,0.06890040383075229,0.4396281198588507,0,0,0,0,0,0,0,0,0,0,0,0,0,0,0,0,0
55075,1.0,1.0,0.0,0.0,0.0,0.0,-0.20021226304536477,-0.7116930628862542,0,0,0,0,0,0,0,0,0,0,0,0,0,0,0,0,0
22039,1.0,1.0,0.0,0.0,0.0,0.0,-0.16161443034600137,0.18377896813771627,0,0,0,0,0,0,0,0,0,0,0,0,0,0,0,0,0
22017,1.0,1.0,0.0,0.0,0.0,0.0,-0.2275523945407472,1.079250999161687,0,0,0,0,0,0,0,0,0,0,0,0,0,0,0,0,0
55253,0.0,0.0,0.0,0.0,0.0,1.0,0.14767632409345346,0.5837684870256871,0,0,0,0,0,0,0,0,0,0,0,0,0,0,0,0,0
50182,0.0,0.0,0.0,0.0,0.0,1.0,0.008831342577687895,0.4558439111651198,0,0,0,0,0,0,0,0,0,0,0,0,0,0,0,0,0
29211,1.0,1.0,0.0,0.0,0.0,0.0,-0.3894488594741881,-0.07207018358341817,0,0,0,0,0,0,0,0,0,0,0,0,0,0,0,0,0
59755,1.0,1.0,0.0,0.0,0.0,0.0,-0.3899849404839015,1.079250999161687,0,0,0,0,0,0,0,0,0,0,0,0,0,0,0,0,0
35251,1.0,1.0,0.0,0.0,0.0,0.0,-0.2275523945407472,-0.19999475944398537,0,0,0,0,0,0,0,0,0,0,0,0,0,0,0,0,0
26434,1.0,1.0,0.0,0.0,0.0,0.0,-0.2275523945407472,-0.19999475944398537,0,0,0,0,0,0,0,0,0,0,0,0,0,0,0,0,0
35062,1.0,0.0,0.0,0.0,0.0,0.0,-0.2275523945407472,-0.8396176387468215,0,0,0,0,0,0,0,0,0,0,0,0,0,0,0,0,0
65356,0.0,0.0,0.0,0.0,0.0,1.0,0.21415036929791267,-0.5675526957194179,0,0,0,0,0,0,0,0,0,0,0,0,0,0,0,0,0
28433,1.0,1.0,0.0,0.0,0.0,0.0,-0.03938796013135059,-1.223391366328523,0,0,0,0,0,0,0,0,0,0,0,0,0,0,0,0,0
3701,1.0,1.0,0.0,0.0,0.0,0.0,-1.189281725966552,0.4396281198588507,0,0,0,0,0,0,0,0,0,0,0,0,0,0,0,0,0
59373,0.0,0.0,0.0,0.0,0.0,1.0,0.18198550871510982,-0.6954772715799851,0,0,0,0,0,0,0,0,0,0,0,0,0,0,0,0,0
15059,1.0,1.0,0.0,0.0,0.0,0.0,0.03191081416052903,-0.4558439111651198,0,0,0,0,0,0,0,0,0,0,0,0,0,0,0,0,0
10425,0.0,0.0,0.0,1.0,0.0,1.0,0.508994924640272,0.4558439111651198,0,0,0,0,0,0,0,0,0,0,0,0,0,0,0,0,0
28977,0.0,0.0,0.0,0.0,0.0,1.0,0.1525010531808739,-1.4630247267433885,0,0,0,0,0,0,0,0,0,0,0,0,0,0,0,0,0
56893,1.0,1.0,1.0,0.0,0.0,0.0,0.08123026705416005,0.05585439227714905,0,0,0,0,0,0,0,0,0,0,0,0,0,0,0,0,0
62440,1.0,1.0,0.0,0.0,0.0,0.0,-0.12516092168549148,0.5675526957194179,0,0,0,0,0,0,0,0,0,0,0,0,0,0,0,0,0
4517,1.0,1.0,0.0,1.0,0.0,0.0,-0.17072780751112884,-0.4558439111651198,0,0,0,0,0,0,0,0,0,0,0,0,0,0,0,0,0
44660,1.0,1.0,0.0,0.0,0.0,0.0,-0.19485145294823095,0.3117035439982835,0,0,0,0,0,0,0,0,0,0,0,0,0,0,0,0,0
19200,0.0,0.0,0.0,0.0,0.0,1.0,0.2275523945407472,-0.3117035439982835,0,0,0,0,0,0,0,0,0,0,0,0,0,0,0,0,0
8935,1.0,0.0,0.0,0.0,0.0,0.0,-0.2275523945407472,-0.8396176387468215,0,0,0,0,0,0,0,0,0,0,0,0,0,0,0,0,0
55290,0.0,0.0,0.0,0.0,0.0,1.0,0.2275523945407472,-0.6954772715799851,0,0,0,0,0,0,0,0,0,0,0,0,0,0,0,0,0
11982,1.0,1.0,0.0,0.0,0.0,0.0,-0.02491377286908931,1.5909493026039558,0,0,0,0,0,0,0,0,0,0,0,0,0,0,0,0,0
11131,1.0,1.0,1.0,0.0,0.0,0.0,4.3639814536543575,0.5675526957194179,0,0,0,0,0,0,0,0,0,0,0,0,0,0,0,0,0
29578,1.0,1.0,0.0,0.0,0.0,0.0,-0.22165550343389998,1.5909493026039558,0,0,0,0,0,0,0,0,0,0,0,0,0,0,0,0,0
11472,1.0,1.0,0.0,0.0,0.0,0.0,-0.2275523945407472,-0.9675422146073887,0,0,0,0,0,0,0,0,0,0,0,0,0,0,0,0,0
37239,1.0,1.0,0.0,0.0,0.0,0.0,0.3396213137360095,0.8234018474405523,0,0,0,0,0,0,0,0,0,0,0,0,0,0,0,0,0
14954,1.0,1.0,0.0,0.0,0.0,0.0,-0.24845955391956903,0.4396281198588507,0,0,0,0,0,0,0,0,0,0,0,0,0,0,0,0,0
53726,1.0,0.0,0.0,0.0,0.0,0.0,-0.2677584702692507,-0.8396176387468215,0,0,0,0,0,0,0,0,0,0,0,0,0,0,0,0,0
51702,1.0,1.0,1.0,0.0,0.0,0.0,-0.2237998274727535,0.9513264233011196,0,0,0,0,0,0,0,0,0,0,0,0,0,0,0,0,0
42263,1.0,1.0,0.0,0.0,0.0,0.0,-0.2275523945407472,-0.07207018358341817,0,0,0,0,0,0,0,0,0,0,0,0,0,0,0,0,0
3252,0.0,0.0,0.0,0.0,0.0,1.0,0.0501095803256182,2.1188633973524933,0,0,0,0,0,0,0,0,0,0,0,0,0,0,0,0,0
21969,1.0,1.0,0.0,0.0,0.0,0.0,-0.2275523945407472,0.6954772715799851,0,0,0,0,0,0,0,0,0,0,0,0,0,0,0,0,0
35736,1.0,1.0,0.0,0.0,0.0,0.0,-0.14392375702545981,0.3117035439982835,0,0,0,0,0,0,0,0,0,0,0,0,0,0,0,0,0
5877,1.0,1.0,0.0,0.0,0.0,0.0,-0.24256266281272182,-1.3513159421890901,0,0,0,0,0,0,0,0,0,0,0,0,0,0,0,0,0
45469,1.0,1.0,0.0,1.0,0.0,0.0,-0.05118174234504496,1.3351001508828213,0,0,0,0,0,0,0,0,0,0,0,0,0,0,0,0,0
17051,0.0,0.0,0.0,0.0,0.0,1.0,0.2275523945407472,-1.718873878464523,0,0,0,0,0,0,0,0,0,0,0,0,0,0,0,0,0
30769,1.0,1.0,0.0,0.0,0.0,0.0,-0.2275523945407472,0.3117035439982835,0,0,0,0,0,0,0,0,0,0,0,0,0,0,0,0,0
57183,1.0,1.0,0.0,0.0,0.0,0.0,0.519208451989992,-1.3513159421890901,0,0,0,0,0,0,0,0,0,0,0,0,0,0,0,0,0
5928,1.0,0.0,0.0,0.0,0.0,0.0,-0.05868687648103229,-0.8396176387468215,0,0,0,0,0,0,0,0,0,0,0,0,0,0,0,0,0
57309,0.0,1.0,0.0,0.0,0.0,1.0,-0.6398266791755026,2.2467879732130607,0,0,0,0,0,0,0,0,0,0,0,0,0,0,0,0,0
24235,1.0,1.0,0.0,0.0,0.0,0.0,0.667166810670885,0.4396281198588507,0,0,0,0,0,0,0,0,0,0,0,0,0,0,0,0,0
39466,1.0,0.0,0.0,0.0,0.0,0.0,-0.2275523945407472,-0.8396176387468215,0,0,0,0,0,0,0,0,0,0,0,0,0,0,0,0,0
44052,1.0,1.0,0.0,0.0,0.0,0.0,0.03191081416052903,0.18377896813771627,0,0,0,0,0,0,0,0,0,0,0,0,0,0,0,0,0
55659,1.0,1.0,0.0,0.0,0.0,0.0,-0.2275523945407472,0.5675526957194179,0,0,0,0,0,0,0,0,0,0,0,0,0,0,0,0,0
12974,1.0,1.0,0.0,0.0,0.0,0.0,-0.3701499431245064,0.5675526957194179,0,0,0,0,0,0,0,0,0,0,0,0,0,0,0,0,0
36926,1.0,0.0,0.0,0.0,0.0,0.0,-0.2275523945407472,-0.8396176387468215,0,0,0,0,0,0,0,0,0,0,0,0,0,0,0,0,0
70923,0.0,0.0,0.0,0.0,0.0,1.0,0.2275523945407472,0.3279193353045526,0,0,0,0,0,0,0,0,0,0,0,0,0,0,0,0,0
23885,1.0,1.0,0.0,0.0,0.0,0.0,-0.19485145294823095,-0.07207018358341817,0,0,0,0,0,0,0,0,0,0,0,0,0,0,0,0,0
66590,0.0,0.0,0.0,0.0,0.0,1.0,0.08173835989870766,-0.9513264233011196,0,0,0,0,0,0,0,0,0,0,0,0,0,0,0,0,0
41828,1.0,1.0,0.0,1.0,0.0,0.0,-0.19860402001622462,-0.8396176387468215,0,0,0,0,0,0,0,0,0,0,0,0,0,0,0,0,0
37342,1.0,0.0,0.0,0.0,0.0,0.0,-0.25274820199727605,-0.8396176387468215,0,0,0,0,0,0,0,0,0,0,0,0,0,0,0,0,0
50717,1.0,1.0,1.0,0.0,0.0,0.0,0.6033731705149927,0.05585439227714905,0,0,0,0,0,0,0,0,0,0,0,0,0,0,0,0,0
34503,0.0,0.0,0.0,0.0,0.0,1.0,0.2763357664246648,0.19999475944398537,0,0,0,0,0,0,0,0,0,0,0,0,0,0,0,0,0
23490,1.0,1.0,0.0,0.0,0.0,0.0,-0.13802686591861263,0.5675526957194179,0,0,0,0,0,0,0,0,0,0,0,0,0,0,0,0,0
53906,1.0,1.0,0.0,0.0,0.0,0.0,-0.1910988858802373,-1.863014245631359,0,0,0,0,0,0,0,0,0,0,0,0,0,0,0,0,0
14550,1.0,1.0,1.0,0.0,0.0,0.0,-0.23130496160874084,1.3351001508828213,0,0,0,0,0,0,0,0,0,0,0,0,0,0,0,0,0
840,1.0,1.0,0.0,0.0,0.0,0.0,-0.2323771236281676,-0.07207018358341817,0,0,0,0,0,0,0,0,0,0,0,0,0,0,0,0,0
23887,0.0,0.0,0.0,0.0,0.0,1.0,0.20342874910364506,0.07207018358341817,0,0,0,0,0,0,0,0,0,0,0,0,0,0,0,0,0
8495,1.0,1.0,1.0,0.0,0.0,0.0,0.04906540647135721,0.5675526957194179,0,0,0,0,0,0,0,0,0,0,0,0,0,0,0,0,0
61,1.0,1.0,1.0,0.0,0.0,0.0,0.037807705267376215,-0.19999475944398537,0,0,0,0,0,0,0,0,0,0,0,0,0,0,0,0,0
16111,1.0,1.0,0.0,0.0,0.0,0.0,-0.24738739190014225,-0.8396176387468215,0,0,0,0,0,0,0,0,0,0,0,0,0,0,0,0,0
21606,0.0,0.0,0.0,0.0,0.0,1.0,0.18734631881224362,0.19999475944398537,0,0,0,0,0,0,0,0,0,0,0,0,0,0,0,0,0
40421,1.0,1.0,0.0,0.0,0.0,0.0,-0.2275523945407472,-0.19999475944398537,0,0,0,0,0,0,0,0,0,0,0,0,0,0,0,0,0
53092,1.0,1.0,0.0,0.0,0.0,0.0,-0.2275523945407472,-0.4558439111651198,0,0,0,0,0,0,0,0,0,0,0,0,0,0,0,0,0
6978,1.0,1.0,0.0,0.0,0.0,0.0,-0.26078941714297676,0.3117035439982835,0,0,0,0,0,0,0,0,0,0,0,0,0,0,0,0,0
42615,1.0,1.0,0.0,0.0,0.0,0.0,-0.2275523945407472,-0.5837684870256871,0,0,0,0,0,0,0,0,0,0,0,0,0,0,0,0,0
61479,1.0,1.0,0.0,0.0,0.0,0.0,-0.2275523945407472,-1.3513159421890901,0,0,0,0,0,0,0,0,0,0,0,0,0,0,0,0,0
68631,1.0,1.0,0.0,0.0,0.0,0.0,-0.21361428828819928,1.079250999161687,0,0,0,0,0,0,0,0,0,0,0,0,0,0,0,0,0
13492,1.0,1.0,1.0,0.0,0.0,0.0,0.5336826392522532,0.4396281198588507,0,0,0,0,0,0,0,0,0,0,0,0,0,0,0,0,0
35241,1.0,1.0,0.0,0.0,0.0,0.0,-0.2275523945407472,-0.5837684870256871,0,0,0,0,0,0,0,0,0,0,0,0,0,0,0,0,0
17298,1.0,1.0,0.0,1.0,0.0,0.0,1.0429595984799649,-1.4792405180496575,0,0,0,0,0,0,0,0,0,0,0,0,0,0,0,0,0
45552,1.0,1.0,0.0,0.0,0.0,0.0,-0.3009954928714803,-2.1188633973524933,0,0,0,0,0,0,0,0,0,0,0,0,0,0,0,0,0
31771,1.0,0.0,0.0,0.0,0.0,0.0,-0.1744803745791225,0.6954772715799851,0,0,0,0,0,0,0,0,0,0,0,0,0,0,0,0,0
35325,0.0,1.0,0.0,0.0,0.0,1.0,0.7148500323702102,0.5837684870256871,0,0,0,0,0,0,0,0,0,0,0,0,0,0,0,0,0
10850,0.0,0.0,0.0,1.0,0.0,1.0,0.17823294164711617,-0.6954772715799851,0,0,0,0,0,0,0,0,0,0,0,0,0,0,0,0,0
71697,1.0,1.0,0.0,0.0,0.0,0.0,-0.15089281015173375,0.5675526957194179,0,0,0,0,0,0,0,0,0,0,0,0,0,0,0,0,0
64033,1.0,1.0,0.0,1.0,0.0,0.0,-0.1632226733751415,1.4630247267433885,0,0,0,0,0,0,0,0,0,0,0,0,0,0,0,0,0
41146,1.0,1.0,0.0,0.0,0.0,0.0,0.08498283412215371,1.4630247267433885,0,0,0,0,0,0,0,0,0,0,0,0,0,0,0,0,0
22768,1.0,1.0,0.0,1.0,0.0,0.0,-0.5604587015727566,-1.863014245631359,0,0,0,0,0,0,0,0,0,0,0,0,0,0,0,0,0
63747,1.0,1.0,0.0,0.0,0.0,0.0,-0.2516760399778493,-1.7350896697707918,0,0,0,0,0,0,0,0,0,0,0,0,0,0,0,0,0
62889,1.0,1.0,0.0,0.0,0.0,0.0,-0.11551146351065063,-0.5837684870256871,0,0,0,0,0,0,0,0,0,0,0,0,0,0,0,0,0
53252,1.0,1.0,1.0,0.0,0.0,0.0,-0.22058334141447322,1.4630247267433885,0,0,0,0,0,0,0,0,0,0,0,0,0,0,0,0,0
22607,0.0,0.0,0.0,1.0,0.0,1.0,0.2275523945407472,-0.8234018474405523,0,0,0,0,0,0,0,0,0,0,0,0,0,0,0,0,0
62636,1.0,1.0,0.0,0.0,0.0,0.0,-0.2275523945407472,0.8234018474405523,0,0,0,0,0,0,0,0,0,0,0,0,0,0,0,0,0
24027,1.0,1.0,0.0,0.0,0.0,0.0,0.2886936178132383,-0.7116930628862542,0,0,0,0,0,0,0,0,0,0,0,0,0,0,0,0,0
41234,0.0,0.0,0.0,0.0,0.0,1.0,0.07637754980157385,0.19999475944398537,0,0,0,0,0,0,0,0,0,0,0,0,0,0,0,0,0
55206,1.0,1.0,0.0,0.0,0.0,0.0,-0.47414965900890227,-1.0954667904679558,0,0,0,0,0,0,0,0,0,0,0,0,0,0,0,0,0
1758,0.0,0.0,0.0,0.0,0.0,1.0,-0.0576427026267713,2.502637124934195,0,0,0,0,0,0,0,0,0,0,0,0,0,0,0,0,0
62535,0.0,0.0,0.0,1.0,0.0,1.0,-0.09731269734556146,-1.2071755750222541,0,0,0,0,0,0,0,0,0,0,0,0,0,0,0,0,0
58183,0.0,0.0,0.0,0.0,0.0,1.0,0.18681023780253025,-1.5909493026039558,0,0,0,0,0,0,0,0,0,0,0,0,0,0,0,0,0
14114,1.0,0.0,0.0,0.0,0.0,0.0,-0.16697524044313516,-0.8396176387468215,0,0,0,0,0,0,0,0,0,0,0,0,0,0,0,0,0
54769,0.0,0.0,0.0,0.0,0.0,1.0,0.24524306786128874,0.8396176387468215,0,0,0,0,0,0,0,0,0,0,0,0,0,0,0,0,0
54922,1.0,1.0,0.0,0.0,0.0,0.0,-0.354067512833105,0.4396281198588507,0,0,0,0,0,0,0,0,0,0,0,0,0,0,0,0,0
60407,0.0,0.0,0.0,0.0,0.0,1.0,-0.25277619016244185,-1.5909493026039558,0,0,0,0,0,0,0,0,0,0,0,0,0,0,0,0,0
42606,1.0,1.0,0.0,0.0,0.0,0.0,-0.16483091640428166,1.3351001508828213,0,0,0,0,0,0,0,0,0,0,0,0,0,0,0,0,0
47298,1.0,1.0,0.0,1.0,0.0,0.0,0.6794966738942928,-1.9909388214919264,0,0,0,0,0,0,0,0,0,0,0,0,0,0,0,0,0
72488,1.0,1.0,0.0,1.0,0.0,0.0,-0.8735300112453708,-1.0954667904679558,0,0,0,0,0,0,0,0,0,0,0,0,0,0,0,0,0
37463,1.0,0.0,0.0,0.0,0.0,0.0,-0.2157586123270528,-0.8396176387468215,0,0,0,0,0,0,0,0,0,0,0,0,0,0,0,0,0
7953,1.0,1.0,0.0,1.0,0.0,0.0,0.02976649012167551,0.18377896813771627,0,0,0,0,0,0,0,0,0,0,0,0,0,0,0,0,0
62035,1.0,1.0,0.0,0.0,0.0,0.0,-0.15893402529743447,-1.863014245631359,0,0,0,0,0,0,0,0,0,0,0,0,0,0,0,0,0
28408,0.0,0.0,0.0,0.0,0.0,1.0,0.2500677969487092,0.7116930628862542,0,0,0,0,0,0,0,0,0,0,0,0,0,0,0,0,0
38974,1.0,1.0,0.0,0.0,0.0,0.0,-0.2275523945407472,0.18377896813771627,0,0,0,0,0,0,0,0,0,0,0,0,0,0,0,0,0
20714,1.0,1.0,0.0,0.0,0.0,0.0,-0.13695470389918585,-0.07207018358341817,0,0,0,0,0,0,0,0,0,0,0,0,0,0,0,0,0
70712,1.0,1.0,0.0,0.0,0.0,0.0,-0.14499591904488657,0.05585439227714905,0,0,0,0,0,0,0,0,0,0,0,0,0,0,0,0,0
19577,1.0,1.0,0.0,0.0,0.0,0.0,-0.2275523945407472,0.05585439227714905,0,0,0,0,0,0,0,0,0,0,0,0,0,0,0,0,0
17639,1.0,1.0,0.0,0.0,0.0,0.0,-0.1632226733751415,-0.19999475944398537,0,0,0,0,0,0,0,0,0,0,0,0,0,0,0,0,0
17870,1.0,1.0,0.0,0.0,0.0,0.0,-0.2275523945407472,-0.3279193353045526,0,0,0,0,0,0,0,0,0,0,0,0,0,0,0,0,0
27812,1.0,0.0,0.0,0.0,0.0,0.0,-2.1628048396060513,1.3351001508828213,0,0,0,0,0,0,0,0,0,0,0,0,0,0,0,0,0
61978,1.0,1.0,0.0,0.0,0.0,0.0,-0.17555253659854925,-0.19999475944398537,0,0,0,0,0,0,0,0,0,0,0,0,0,0,0,0,0
60423,1.0,1.0,1.0,0.0,0.0,0.0,1.7345041010102256,-0.3279193353045526,0,0,0,0,0,0,0,0,0,0,0,0,0,0,0,0,0
4596,1.0,1.0,1.0,0.0,0.0,0.0,1.6937619442720087,0.05585439227714905,0,0,0,0,0,0,0,0,0,0,0,0,0,0,0,0,0
4615,1.0,1.0,0.0,0.0,0.0,0.0,0.22650822068648618,1.2071755750222541,0,0,0,0,0,0,0,0,0,0,0,0,0,0,0,0,0
28477,1.0,1.0,0.0,0.0,0.0,0.0,-0.2275523945407472,0.5675526957194179,0,0,0,0,0,0,0,0,0,0,0,0,0,0,0,0,0
32220,1.0,0.0,0.0,0.0,0.0,0.0,-0.2275523945407472,-0.8396176387468215,0,0,0,0,0,0,0,0,0,0,0,0,0,0,0,0,0
6581,1.0,1.0,0.0,1.0,0.0,0.0,-1.5704353238727657,-1.7350896697707918,0,0,0,0,0,0,0,0,0,0,0,0,0,0,0,0,0
29355,0.0,1.0,0.0,0.0,0.0,1.0,1.0155914788194167,1.0954667904679558,0,0,0,0,0,0,0,0,0,0,0,0,0,0,0,0,0
24550,1.0,0.0,0.0,0.0,0.0,0.0,-0.5486649193590621,-0.8396176387468215,0,0,0,0,0,0,0,0,0,0,0,0,0,0,0,0,0
25412,1.0,0.0,0.0,0.0,0.0,0.0,0.17986917284142206,-0.8396176387468215,0,0,0,0,0,0,0,0,0,0,0,0,0,0,0,0,0
55389,1.0,1.0,0.0,0.0,0.0,0.0,-0.2591811741138366,-1.6071650939102247,0,0,0,0,0,0,0,0,0,0,0,0,0,0,0,0,0
17308,0.0,0.0,0.0,0.0,0.0,1.0,-0.010467573771993807,-0.4396281198588507,0,0,0,0,0,0,0,0,0,0,0,0,0,0,0,0,0
57895,1.0,1.0,0.0,0.0,0.0,0.0,-0.17930510366654293,-0.07207018358341817,0,0,0,0,0,0,0,0,0,0,0,0,0,0,0,0,0
8412,0.0,0.0,0.0,1.0,0.0,1.0,-0.031374733150815654,0.5837684870256871,0,0,0,0,0,0,0,0,0,0,0,0,0,0,0,0,0
28741,1.0,1.0,1.0,0.0,0.0,0.0,-0.21736685535619293,0.5675526957194179,0,0,0,0,0,0,0,0,0,0,0,0,0,0,0,0,0
36648,1.0,0.0,0.0,0.0,0.0,0.0,-0.2275523945407472,-0.8396176387468215,0,0,0,0,0,0,0,0,0,0,0,0,0,0,0,0,0
12182,1.0,1.0,0.0,0.0,0.0,0.0,-0.3283356243668627,1.2071755750222541,0,0,0,0,0,0,0,0,0,0,0,0,0,0,0,0,0
56131,1.0,1.0,0.0,0.0,0.0,0.0,-0.2275523945407472,-1.223391366328523,0,0,0,0,0,0,0,0,0,0,0,0,0,0,0,0,0
910,1.0,1.0,0.0,0.0,0.0,0.0,0.10106526441355512,1.9747230301856573,0,0,0,0,0,0,0,0,0,0,0,0,0,0,0,0,0
16944,1.0,1.0,1.0,0.0,0.0,0.0,-0.14445983803517318,1.3351001508828213,0,0,0,0,0,0,0,0,0,0,0,0,0,0,0,0,0
38103,1.0,1.0,0.0,0.0,0.0,0.0,-0.1910988858802373,0.9513264233011196,0,0,0,0,0,0,0,0,0,0,0,0,0,0,0,0,0
44951,1.0,1.0,0.0,0.0,0.0,0.0,-0.19806793900651123,0.9513264233011196,0,0,0,0,0,0,0,0,0,0,0,0,0,0,0,0,0
53198,1.0,1.0,0.0,1.0,0.0,0.0,-0.036707555082783686,-0.19999475944398537,0,0,0,0,0,0,0,0,0,0,0,0,0,0,0,0,0
42511,0.0,0.0,0.0,0.0,0.0,1.0,0.20289266809393167,-0.5675526957194179,0,0,0,0,0,0,0,0,0,0,0,0,0,0,0,0,0
51635,0.0,0.0,0.0,0.0,0.0,1.0,0.31118103205603453,0.5837684870256871,0,0,0,0,0,0,0,0,0,0,0,0,0,0,0,0,0
62598,0.0,0.0,0.0,0.0,0.0,1.0,0.043140527199344254,0.4558439111651198,0,0,0,0,0,0,0,0,0,0,0,0,0,0,0,0,0
15152,1.0,1.0,1.0,0.0,0.0,0.0,0.8456817869054407,0.3117035439982835,0,0,0,0,0,0,0,0,0,0,0,0,0,0,0,0,0
4443,1.0,0.0,0.0,0.0,0.0,0.0,-0.19860402001622462,-0.5837684870256871,0,0,0,0,0,0,0,0,0,0,0,0,0,0,0,0,0
58941,1.0,1.0,0.0,0.0,0.0,0.0,-0.1685834834722753,1.3351001508828213,0,0,0,0,0,0,0,0,0,0,0,0,0,0,0,0,0
66308,1.0,1.0,0.0,0.0,0.0,0.0,-0.17019172650141545,1.2071755750222541,0,0,0,0,0,0,0,0,0,0,0,0,0,0,0,0,0
55945,0.0,0.0,0.0,0.0,0.0,1.0,0.23076888059902745,0.8396176387468215,0,0,0,0,0,0,0,0,0,0,0,0,0,0,0,0,0
8122,1.0,1.0,0.0,0.0,0.0,0.0,-0.18466591376367672,-0.5837684870256871,0,0,0,0,0,0,0,0,0,0,0,0,0,0,0,0,0
50976,1.0,1.0,0.0,0.0,0.0,0.0,-0.12033619259807106,1.079250999161687,0,0,0,0,0,0,0,0,0,0,0,0,0,0,0,0,0
54377,0.0,0.0,0.0,0.0,0.0,1.0,-0.09195188724842766,-0.5675526957194179,0,0,0,0,0,0,0,0,0,0,0,0,0,0,0,0,0
1958,1.0,1.0,1.0,0.0,0.0,0.0,0.7749190936232745,0.4396281198588507,0,0,0,0,0,0,0,0,0,0,0,0,0,0,0,0,0
38654,1.0,0.0,0.0,0.0,0.0,0.0,0.05817878363648468,-1.7350896697707918,0,0,0,0,0,0,0,0,0,0,0,0,0,0,0,0,0
1300,1.0,0.0,0.0,0.0,0.0,0.0,0.12411674783123049,-0.8396176387468215,0,0,0,0,0,0,0,0,0,0,0,0,0,0,0,0,0
58705,1.0,1.0,0.0,0.0,0.0,0.0,-0.15303713419058726,-0.9675422146073887,0,0,0,0,0,0,0,0,0,0,0,0,0,0,0,0,0
69787,0.0,0.0,0.0,0.0,0.0,1.0,0.1884184808316704,1.3513159421890901,0,0,0,0,0,0,0,0,0,0,0,0,0,0,0,0,0
40233,1.0,1.0,0.0,0.0,0.0,0.0,0.160034175482027,2.1026476060462245,0,0,0,0,0,0,0,0,0,0,0,0,0,0,0,0,0
8315,1.0,1.0,1.0,0.0,0.0,0.0,-0.08709916999584146,0.9513264233011196,0,0,0,0,0,0,0,0,0,0,0,0,0,0,0,0,0
38150,1.0,1.0,0.0,0.0,0.0,0.0,-0.10961457240380344,0.8234018474405523,0,0,0,0,0,0,0,0,0,0,0,0,0,0,0,0,0
62332,0.0,0.0,0.0,0.0,0.0,1.0,0.2275523945407472,0.8396176387468215,0,0,0,0,0,0,0,0,0,0,0,0,0,0,0,0,0
50964,0.0,0.0,0.0,0.0,0.0,1.0,0.12891348875348516,0.8396176387468215,0,0,0,0,0,0,0,0,0,0,0,0,0,0,0,0,0
70239,0.0,0.0,0.0,0.0,0.0,1.0,0.2275523945407472,0.4558439111651198,0,0,0,0,0,0,0,0,0,0,0,0,0,0,0,0,0
38469,1.0,1.0,0.0,0.0,0.0,0.0,-0.14874848611288022,0.6954772715799851,0,0,0,0,0,0,0,0,0,0,0,0,0,0,0,0,0
23339,1.0,1.0,1.0,0.0,0.0,0.0,0.05978702666562482,-0.5837684870256871,0,0,0,0,0,0,0,0,0,0,0,0,0,0,0,0,0
14187,1.0,1.0,0.0,0.0,0.0,0.0,-0.2275523945407472,-1.6071650939102247,0,0,0,0,0,0,0,0,0,0,0,0,0,0,0,0,0
65942,0.0,0.0,0.0,0.0,0.0,1.0,0.28705738661893243,0.5837684870256871,0,0,0,0,0,0,0,0,0,0,0,0,0,0,0,0,0
1072,0.0,0.0,0.0,0.0,0.0,1.0,-0.9185888042264605,-1.8467984543250902,0,0,0,0,0,0,0,0,0,0,0,0,0,0,0,0,0
17807,1.0,1.0,0.0,0.0,0.0,0.0,0.14234350216148542,-0.4558439111651198,0,0,0,0,0,0,0,0,0,0,0,0,0,0,0,0,0
34636,1.0,1.0,0.0,0.0,0.0,0.0,0.011539735791420569,1.2071755750222541,0,0,0,0,0,0,0,0,0,0,0,0,0,0,0,0,0
16933,1.0,1.0,0.0,0.0,0.0,0.0,-0.149820648132307,0.05585439227714905,0,0,0,0,0,0,0,0,0,0,0,0,0,0,0,0,0
43659,1.0,1.0,0.0,0.0,0.0,0.0,-0.2275523945407472,0.4396281198588507,0,0,0,0,0,0,0,0,0,0,0,0,0,0,0,0,0
52795,1.0,1.0,0.0,0.0,0.0,0.0,-0.47683006405746914,-0.07207018358341817,0,0,0,0,0,0,0,0,0,0,0,0,0,0,0,0,0
28708,1.0,0.0,0.0,0.0,0.0,0.0,-0.2275523945407472,-0.8396176387468215,0,0,0,0,0,0,0,0,0,0,0,0,0,0,0,0,0
39014,1.0,1.0,0.0,1.0,0.0,0.0,0.017972707907981136,-2.2467879732130607,0,0,0,0,0,0,0,0,0,0,0,0,0,0,0,0,0
59420,1.0,1.0,1.0,0.0,0.0,0.0,0.23615767886132705,1.079250999161687,0,0,0,0,0,0,0,0,0,0,0,0,0,0,0,0,0
50998,0.0,0.0,0.0,0.0,0.0,1.0,0.14553200005459996,-1.5909493026039558,0,0,0,0,0,0,0,0,0,0,0,0,0,0,0,0,0
29154,0.0,0.0,0.0,0.0,0.0,1.0,-0.0045706826651466205,0.7116930628862542,0,0,0,0,0,0,0,0,0,0,0,0,0,0,0,0,0
55175,1.0,1.0,0.0,0.0,0.0,0.0,-0.2275523945407472,-0.19999475944398537,0,0,0,0,0,0,0,0,0,0,0,0,0,0,0,0,0
32261,1.0,1.0,0.0,0.0,0.0,0.0,-0.0141921526748217,-0.7116930628862542,0,0,0,0,0,0,0,0,0,0,0,0,0,0,0,0,0
56072,1.0,1.0,0.0,1.0,0.0,0.0,-0.13159389380205205,0.3117035439982835,0,0,0,0,0,0,0,0,0,0,0,0,0,0,0,0,0
35327,1.0,1.0,0.0,0.0,0.0,0.0,0.06407567474333187,0.8234018474405523,0,0,0,0,0,0,0,0,0,0,0,0,0,0,0,0,0
60325,0.0,0.0,0.0,0.0,0.0,1.0,-0.9244856953333077,-1.4630247267433885,0,0,0,0,0,0,0,0,0,0,0,0,0,0,0,0,0
38071,1.0,1.0,1.0,0.0,0.0,0.0,-0.2275523945407472,-0.07207018358341817,0,0,0,0,0,0,0,0,0,0,0,0,0,0,0,0,0
48257,1.0,1.0,0.0,0.0,0.0,0.0,-0.20932564021049224,0.3117035439982835,0,0,0,0,0,0,0,0,0,0,0,0,0,0,0,0,0
26800,1.0,0.0,0.0,0.0,0.0,0.0,-0.09889295220953584,0.05585439227714905,0,0,0,0,0,0,0,0,0,0,0,0,0,0,0,0,0
6484,1.0,0.0,0.0,0.0,0.0,0.0,-0.2275523945407472,-0.8396176387468215,0,0,0,0,0,0,0,0,0,0,0,0,0,0,0,0,0
26384,0.0,0.0,0.0,0.0,0.0,1.0,0.1632226733751415,-1.2071755750222541,0,0,0,0,0,0,0,0,0,0,0,0,0,0,0,0,0
28317,1.0,1.0,0.0,0.0,0.0,0.0,-0.14285159500603303,0.18377896813771627,0,0,0,0,0,0,0,0,0,0,0,0,0,0,0,0,0
66374,1.0,1.0,0.0,0.0,0.0,0.0,-0.11283105846208373,0.9513264233011196,0,0,0,0,0,0,0,0,0,0,0,0,0,0,0,0,0
60763,0.0,0.0,0.0,0.0,0.0,1.0,0.2275523945407472,-0.6954772715799851,0,0,0,0,0,0,0,0,0,0,0,0,0,0,0,0,0
63230,1.0,1.0,0.0,0.0,0.0,0.0,-0.2275523945407472,-0.5837684870256871,0,0,0,0,0,0,0,0,0,0,0,0,0,0,0,0,0
47847,0.0,0.0,0.0,0.0,0.0,1.0,-0.014756221849700851,1.3513159421890901,0,0,0,0,0,0,0,0,0,0,0,0,0,0,0,0,0
36824,1.0,1.0,0.0,0.0,0.0,0.0,-0.13481037986033234,0.4396281198588507,0,0,0,0,0,0,0,0,0,0,0,0,0,0,0,0,0
69571,0.0,0.0,0.0,1.0,0.0,1.0,-0.24634321804588127,0.8396176387468215,0,0,0,0,0,0,0,0,0,0,0,0,0,0,0,0,0
7146,0.0,0.0,0.0,0.0,0.0,1.0,0.2457791488710021,0.8396176387468215,0,0,0,0,0,0,0,0,0,0,0,0,0,0,0,0,0
39739,1.0,0.0,0.0,0.0,0.0,0.0,-0.5588504585436164,1.079250999161687,0,0,0,0,0,0,0,0,0,0,0,0,0,0,0,0,0
15053,1.0,1.0,0.0,0.0,0.0,0.0,-0.30367589792004723,-0.19999475944398537,0,0,0,0,0,0,0,0,0,0,0,0,0,0,0,0,0
22111,1.0,1.0,0.0,0.0,0.0,0.0,-0.17019172650141545,0.05585439227714905,0,0,0,0,0,0,0,0,0,0,0,0,0,0,0,0,0
63120,0.0,0.0,0.0,1.0,0.0,1.0,0.021161205801095647,0.4558439111651198,0,0,0,0,0,0,0,0,0,0,0,0,0,0,0,0,0
63955,1.0,1.0,0.0,0.0,0.0,0.0,-0.20289266809393167,-0.07207018358341817,0,0,0,0,0,0,0,0,0,0,0,0,0,0,0,0,0
12765,1.0,1.0,1.0,0.0,0.0,0.0,4.811073015755317,1.3351001508828213,0,0,0,0,0,0,0,0,0,0,0,0,0,0,0,0,0
73335,1.0,1.0,0.0,0.0,0.0,0.0,-0.2500677969487092,-1.223391366328523,0,0,0,0,0,0,0,0,0,0,0,0,0,0,0,0,0
10114,0.0,0.0,0.0,0.0,0.0,1.0,0.15625362024886755,-0.5675526957194179,0,0,0,0,0,0,0,0,0,0,0,0,0,0,0,0,0
49710,1.0,1.0,0.0,1.0,0.0,0.0,-0.40285088471702263,-1.0954667904679558,0,0,0,0,0,0,0,0,0,0,0,0,0,0,0,0,0
65323,1.0,1.0,0.0,0.0,0.0,0.0,-0.21093388323963239,0.9513264233011196,0,0,0,0,0,0,0,0,0,0,0,0,0,0,0,0,0
14681,1.0,1.0,1.0,0.0,0.0,0.0,-0.4248302061152712,0.5675526957194179,0,0,0,0,0,0,0,0,0,0,0,0,0,0,0,0,0
20769,1.0,1.0,0.0,0.0,0.0,0.0,-0.045284851238197775,0.5675526957194179,0,0,0,0,0,0,0,0,0,0,0,0,0,0,0,0,0
43074,1.0,1.0,1.0,0.0,0.0,0.0,0.13805485408377838,-0.3279193353045526,0,0,0,0,0,0,0,0,0,0,0,0,0,0,0,0,0
47353,1.0,1.0,1.0,0.0,0.0,0.0,0.1289414769186509,1.5909493026039558,0,0,0,0,0,0,0,0,0,0,0,0,0,0,0,0,0
53346,0.0,0.0,0.0,0.0,0.0,1.0,0.09460430413182878,0.8396176387468215,0,0,0,0,0,0,0,0,0,0,0,0,0,0,0,0,0
56800,1.0,0.0,0.0,0.0,0.0,0.0,0.5931876313304385,-0.19999475944398537,0,0,0,0,0,0,0,0,0,0,0,0,0,0,0,0,0
42111,1.0,1.0,0.0,0.0,0.0,0.0,-0.1771607796276894,-0.07207018358341817,0,0,0,0,0,0,0,0,0,0,0,0,0,0,0,0,0
31242,1.0,1.0,0.0,0.0,0.0,0.0,-0.46932492992148184,-1.3513159421890901,0,0,0,0,0,0,0,0,0,0,0,0,0,0,0,0,0
39647,1.0,1.0,0.0,0.0,0.0,0.0,-0.2275523945407472,0.18377896813771627,0,0,0,0,0,0,0,0,0,0,0,0,0,0,0,0,0
60072,1.0,1.0,0.0,0.0,0.0,0.0,-0.13695470389918585,0.5675526957194179,0,0,0,0,0,0,0,0,0,0,0,0,0,0,0,0,0
59727,1.0,1.0,0.0,0.0,0.0,0.0,-0.2275523945407472,0.3117035439982835,0,0,0,0,0,0,0,0,0,0,0,0,0,0,0,0,0
11909,0.0,1.0,0.0,0.0,0.0,1.0,0.6280049087966425,2.8864108525158967,0,0,0,0,0,0,0,0,0,0,0,0,0,0,0,0,0
60194,1.0,1.0,0.0,0.0,0.0,0.0,-0.2275523945407472,0.05585439227714905,0,0,0,0,0,0,0,0,0,0,0,0,0,0,0,0,0
5290,0.0,0.0,0.0,0.0,0.0,1.0,0.2275523945407472,0.8396176387468215,0,0,0,0,0,0,0,0,0,0,0,0,0,0,0,0,0
4229,1.0,1.0,0.0,0.0,0.0,0.0,-0.11551146351065063,-0.8396176387468215,0,0,0,0,0,0,0,0,0,0,0,0,0,0,0,0,0
54834,1.0,1.0,1.0,0.0,0.0,0.0,-0.40285088471702263,-0.07207018358341817,0,0,0,0,0,0,0,0,0,0,0,0,0,0,0,0,0
23300,1.0,1.0,0.0,0.0,0.0,0.0,-0.1326660558214788,-0.19999475944398537,0,0,0,0,0,0,0,0,0,0,0,0,0,0,0,0,0
6713,0.0,0.0,0.0,0.0,0.0,1.0,0.2275523945407472,0.8396176387468215,0,0,0,0,0,0,0,0,0,0,0,0,0,0,0,0,0
16361,1.0,1.0,1.0,0.0,0.0,0.0,-0.10478984331638302,0.5675526957194179,0,0,0,0,0,0,0,0,0,0,0,0,0,0,0,0,0
46781,1.0,1.0,0.0,0.0,0.0,0.0,-0.07637754980157385,0.5675526957194179,0,0,0,0,0,0,0,0,0,0,0,0,0,0,0,0,0
62373,1.0,1.0,0.0,1.0,0.0,0.0,-0.011511747626254797,0.4396281198588507,0,0,0,0,0,0,0,0,0,0,0,0,0,0,0,0,0
59523,0.0,0.0,0.0,0.0,0.0,1.0,0.2275523945407472,0.3279193353045526,0,0,0,0,0,0,0,0,0,0,0,0,0,0,0,0,0
45799,0.0,0.0,0.0,0.0,0.0,1.0,0.2275523945407472,0.9675422146073887,0,0,0,0,0,0,0,0,0,0,0,0,0,0,0,0,0
21430,0.0,1.0,0.0,0.0,0.0,1.0,0.3406654875902705,-0.9513264233011196,0,0,0,0,0,0,0,0,0,0,0,0,0,0,0,0,0
47197,1.0,1.0,0.0,0.0,0.0,0.0,0.016900545888554375,-0.7116930628862542,0,0,0,0,0,0,0,0,0,0,0,0,0,0,0,0,0
48004,0.0,0.0,0.0,1.0,0.0,1.0,0.37765507726049374,-0.05585439227714905,0,0,0,0,0,0,0,0,0,0,0,0,0,0,0,0,0
23132,0.0,0.0,0.0,0.0,0.0,1.0,0.07852187384042737,-0.6954772715799851,0,0,0,0,0,0,0,0,0,0,0,0,0,0,0,0,0
9839,1.0,1.0,0.0,0.0,0.0,0.0,-0.22594415151160704,0.05585439227714905,0,0,0,0,0,0,0,0,0,0,0,0,0,0,0,0,0
54421,1.0,1.0,0.0,0.0,0.0,0.0,-0.1910988858802373,0.5675526957194179,0,0,0,0,0,0,0,0,0,0,0,0,0,0,0,0,0
49371,1.0,1.0,0.0,0.0,0.0,0.0,-0.30153157388119367,-1.223391366328523,0,0,0,0,0,0,0,0,0,0,0,0,0,0,0,0,0
41287,1.0,1.0,1.0,0.0,0.0,0.0,0.8381766527694534,1.718873878464523,0,0,0,0,0,0,0,0,0,0,0,0,0,0,0,0,0
10351,1.0,1.0,1.0,0.0,0.0,0.0,0.06997256585017905,0.8234018474405523,0,0,0,0,0,0,0,0,0,0,0,0,0,0,0,0,0
24774,0.0,0.0,0.0,0.0,0.0,1.0,0.20289266809393167,-0.05585439227714905,0,0,0,0,0,0,0,0,0,0,0,0,0,0,0,0,0
30116,1.0,1.0,0.0,0.0,0.0,0.0,-0.11604754452036402,-1.223391366328523,0,0,0,0,0,0,0,0,0,0,0,0,0,0,0,0,0
331,1.0,1.0,0.0,0.0,0.0,0.0,0.0603231076753382,-0.19999475944398537,0,0,0,0,0,0,0,0,0,0,0,0,0,0,0,0,0
54632,1.0,0.0,0.0,0.0,0.0,0.0,-0.26186157916240355,1.2071755750222541,0,0,0,0,0,0,0,0,0,0,0,0,0,0,0,0,0
25179,0.0,1.0,0.0,0.0,0.0,1.0,0.10639808634552317,-0.6954772715799851,0,0,0,0,0,0,0,0,0,0,0,0,0,0,0,0,0
41728,1.0,0.0,0.0,0.0,0.0,0.0,0.44040454356212505,0.6954772715799851,0,0,0,0,0,0,0,0,0,0,0,0,0,0,0,0,0
67492,1.0,1.0,0.0,0.0,0.0,0.0,-0.29724292580348666,0.18377896813771627,0,0,0,0,0,0,0,0,0,0,0,0,0,0,0,0,0
69966,0.0,0.0,0.0,0.0,0.0,1.0,0.2130782072784859,-0.8234018474405523,0,0,0,0,0,0,0,0,0,0,0,0,0,0,0,0,0
38130,1.0,1.0,0.0,0.0,0.0,0.0,-0.27526360440523806,-0.8396176387468215,0,0,0,0,0,0,0,0,0,0,0,0,0,0,0,0,0
57605,1.0,1.0,0.0,1.0,0.0,0.0,-1.1528282173060422,-2.374712549073628,0,0,0,0,0,0,0,0,0,0,0,0,0,0,0,0,0
23691,1.0,0.0,0.0,0.0,0.0,0.0,-0.5717164027767375,-0.8396176387468215,0,0,0,0,0,0,0,0,0,0,0,0,0,0,0,0,0
24627,1.0,0.0,0.0,0.0,0.0,0.0,-0.2538203640167028,-0.8396176387468215,0,0,0,0,0,0,0,0,0,0,0,0,0,0,0,0,0
60988,1.0,1.0,1.0,0.0,0.0,0.0,-0.2275523945407472,-0.19999475944398537,0,0,0,0,0,0,0,0,0,0,0,0,0,0,0,0,0
64443,1.0,1.0,0.0,0.0,0.0,0.0,-0.2956346827743465,-0.19999475944398537,0,0,0,0,0,0,0,0,0,0,0,0,0,0,0,0,0
33932,1.0,1.0,0.0,1.0,0.0,0.0,-0.23398536665730774,0.3117035439982835,0,0,0,0,0,0,0,0,0,0,0,0,0,0,0,0,0
22359,1.0,1.0,0.0,0.0,0.0,0.0,-0.2275523945407472,1.718873878464523,0,0,0,0,0,0,0,0,0,0,0,0,0,0,0,0,0
72575,0.0,1.0,0.0,0.0,0.0,1.0,0.2688306322886775,0.7116930628862542,0,0,0,0,0,0,0,0,0,0,0,0,0,0,0,0,0
28204,0.0,0.0,0.0,0.0,0.0,1.0,0.2961707637840599,-0.4396281198588507,0,0,0,0,0,0,0,0,0,0,0,0,0,0,0,0,0
32667,1.0,1.0,0.0,1.0,0.0,0.0,0.41038400701817573,-0.07207018358341817,0,0,0,0,0,0,0,0,0,0,0,0,0,0,0,0,0
59227,1.0,1.0,1.0,0.0,0.0,0.0,-0.14285159500603303,0.4396281198588507,0,0,0,0,0,0,0,0,0,0,0,0,0,0,0,0,0
5761,1.0,1.0,0.0,0.0,0.0,0.0,-0.127305245724345,1.5909493026039558,0,0,0,0,0,0,0,0,0,0,0,0,0,0,0,0,0
24799,0.0,0.0,0.0,0.0,0.0,1.0,0.26507806522068383,1.863014245631359,0,0,0,0,0,0,0,0,0,0,0,0,0,0,0,0,0
28446,1.0,1.0,0.0,0.0,0.0,0.0,-0.2275523945407472,0.6954772715799851,0,0,0,0,0,0,0,0,0,0,0,0,0,0,0,0,0
51611,0.0,0.0,0.0,0.0,0.0,1.0,0.2275523945407472,0.8396176387468215,0,0,0,0,0,0,0,0,0,0,0,0,0,0,0,0,0
48081,1.0,1.0,0.0,0.0,0.0,0.0,-0.058150795471318906,0.8234018474405523,0,0,0,0,0,0,0,0,0,0,0,0,0,0,0,0,0
60279,1.0,0.0,0.0,0.0,0.0,0.0,-0.050645661335331583,-1.6071650939102247,0,0,0,0,0,0,0,0,0,0,0,0,0,0,0,0,0
35045,1.0,1.0,0.0,0.0,0.0,0.0,-0.09460430413182878,2.486421333627926,0,0,0,0,0,0,0,0,0,0,0,0,0,0,0,0,0
16170,1.0,1.0,1.0,0.0,0.0,0.0,-0.2275523945407472,0.05585439227714905,0,0,0,0,0,0,0,0,0,0,0,0,0,0,0,0,0
56811,0.0,0.0,0.0,0.0,0.0,1.0,0.048501337296478056,-1.2071755750222541,0,0,0,0,0,0,0,0,0,0,0,0,0,0,0,0,0
36596,1.0,1.0,0.0,0.0,0.0,0.0,-0.2275523945407472,-0.19999475944398537,0,0,0,0,0,0,0,0,0,0,0,0,0,0,0,0,0
19235,1.0,1.0,0.0,1.0,0.0,0.0,6.851397338724444,0.3117035439982835,0,0,0,0,0,0,0,0,0,0,0,0,0,0,0,0,0
44908,0.0,1.0,0.0,0.0,0.0,1.0,-3.3936748260731386,-0.9513264233011196,0,0,0,0,0,0,0,0,0,0,0,0,0,0,0,0,0
32125,0.0,0.0,0.0,1.0,0.0,1.0,-0.34122955676514966,-1.2071755750222541,0,0,0,0,0,0,0,0,0,0,0,0,0,0,0,0,0
31588,1.0,1.0,0.0,0.0,0.0,0.0,-0.0806661978792809,-0.07207018358341817,0,0,0,0,0,0,0,0,0,0,0,0,0,0,0,0,0
43836,0.0,0.0,0.0,1.0,0.0,1.0,0.09299606110268864,0.3279193353045526,0,0,0,0,0,0,0,0,0,0,0,0,0,0,0,0,0
21839,1.0,1.0,0.0,0.0,0.0,0.0,-0.3476345407165444,0.6954772715799851,0,0,0,0,0,0,0,0,0,0,0,0,0,0,0,0,0
11129,1.0,1.0,0.0,0.0,0.0,0.0,0.016900545888554375,0.4396281198588507,0,0,0,0,0,0,0,0,0,0,0,0,0,0,0,0,0
57314,0.0,0.0,0.0,0.0,0.0,1.0,0.2275523945407472,0.07207018358341817,0,0,0,0,0,0,0,0,0,0,0,0,0,0,0,0,0
22162,0.0,0.0,0.0,0.0,0.0,1.0,-0.1273332338895108,-1.5909493026039558,0,0,0,0,0,0,0,0,0,0,0,0,0,0,0,0,0
31439,1.0,1.0,0.0,0.0,0.0,0.0,0.4253942752901504,-0.3279193353045526,0,0,0,0,0,0,0,0,0,0,0,0,0,0,0,0,0
6521,1.0,1.0,0.0,0.0,0.0,0.0,-0.11122281543294359,-0.07207018358341817,0,0,0,0,0,0,0,0,0,0,0,0,0,0,0,0,0
41690,1.0,1.0,0.0,0.0,0.0,0.0,-0.2275523945407472,0.6954772715799851,0,0,0,0,0,0,0,0,0,0,0,0,0,0,0,0,0
38681,0.0,0.0,0.0,0.0,0.0,1.0,-0.17129187668600798,-2.486421333627926,0,0,0,0,0,0,0,0,0,0,0,0,0,0,0,0,0
56932,1.0,1.0,0.0,0.0,0.0,0.0,-0.21736685535619293,-0.7116930628862542,0,0,0,0,0,0,0,0,0,0,0,0,0,0,0,0,0
62187,1.0,1.0,0.0,0.0,0.0,0.0,-0.029738501956509737,0.18377896813771627,0,0,0,0,0,0,0,0,0,0,0,0,0,0,0,0,0
3094,0.0,0.0,0.0,0.0,0.0,1.0,-0.01582838386912761,-1.2071755750222541,0,0,0,0,0,0,0,0,0,0,0,0,0,0,0,0,0
33963,0.0,0.0,0.0,1.0,0.0,1.0,-0.08498283412215371,-0.4396281198588507,0,0,0,0,0,0,0,0,0,0,0,0,0,0,0,0,0
22686,0.0,0.0,0.0,0.0,0.0,1.0,-0.24151848895846084,0.7116930628862542,0,0,0,0,0,0,0,0,0,0,0,0,0,0,0,0,0
25740,1.0,1.0,0.0,0.0,0.0,0.0,0.8596198931579887,0.05585439227714905,0,0,0,0,0,0,0,0,0,0,0,0,0,0,0,0,0
4649,1.0,1.0,0.0,0.0,0.0,0.0,-0.6778604426999869,-0.5837684870256871,0,0,0,0,0,0,0,0,0,0,0,0,0,0,0,0,0
37158,1.0,1.0,1.0,0.0,0.0,0.0,-0.282232657531512,-1.223391366328523,0,0,0,0,0,0,0,0,0,0,0,0,0,0,0,0,0
10138,0.0,1.0,0.0,0.0,0.0,1.0,0.17930510366654293,-0.5675526957194179,0,0,0,0,0,0,0,0,0,0,0,0,0,0,0,0,0
4274,1.0,1.0,0.0,0.0,0.0,0.0,-0.414644666930717,-0.07207018358341817,0,0,0,0,0,0,0,0,0,0,0,0,0,0,0,0,0
19149,1.0,1.0,0.0,0.0,0.0,0.0,-0.2275523945407472,-0.19999475944398537,0,0,0,0,0,0,0,0,0,0,0,0,0,0,0,0,0
53824,1.0,1.0,0.0,0.0,0.0,0.0,-0.36639737605651274,-0.8396176387468215,0,0,0,0,0,0,0,0,0,0,0,0,0,0,0,0,0
47949,1.0,1.0,0.0,0.0,0.0,0.0,-0.07369714475300694,0.4396281198588507,0,0,0,0,0,0,0,0,0,0,0,0,0,0,0,0,0
8742,0.0,0.0,0.0,0.0,0.0,1.0,-0.22918862573505308,-1.8467984543250902,0,0,0,0,0,0,0,0,0,0,0,0,0,0,0,0,0
52508,1.0,1.0,1.0,0.0,0.0,0.0,2.7610992346113497,0.8234018474405523,0,0,0,0,0,0,0,0,0,0,0,0,0,0,0,0,0
57844,1.0,1.0,1.0,0.0,0.0,0.0,1.2246910607728008,0.18377896813771627,0,0,0,0,0,0,0,0,0,0,0,0,0,0,0,0,0
13402,1.0,1.0,0.0,0.0,0.0,0.0,-0.2275523945407472,0.05585439227714905,0,0,0,0,0,0,0,0,0,0,0,0,0,0,0,0,0
28227,1.0,1.0,0.0,0.0,0.0,0.0,-0.14445983803517318,1.5909493026039558,0,0,0,0,0,0,0,0,0,0,0,0,0,0,0,0,0
26994,1.0,0.0,0.0,0.0,0.0,0.0,-0.2275523945407472,0.4396281198588507,0,0,0,0,0,0,0,0,0,0,0,0,0,0,0,0,0
60643,1.0,1.0,1.0,0.0,0.0,0.0,-0.49880938545571774,-0.3279193353045526,0,0,0,0,0,0,0,0,0,0,0,0,0,0,0,0,0
27551,1.0,1.0,0.0,0.0,0.0,0.0,-0.20825347819106546,1.079250999161687,0,0,0,0,0,0,0,0,0,0,0,0,0,0,0,0,0
29115,1.0,1.0,0.0,0.0,0.0,0.0,0.05067364950049735,-0.5837684870256871,0,0,0,0,0,0,0,0,0,0,0,0,0,0,0,0,0
7682,1.0,0.0,0.0,0.0,0.0,0.0,-0.2275523945407472,-0.8396176387468215,0,0,0,0,0,0,0,0,0,0,0,0,0,0,0,0,0
6315,0.0,0.0,0.0,0.0,0.0,1.0,0.5427680282522149,0.8396176387468215,0,0,0,0,0,0,0,0,0,0,0,0,0,0,0,0,0
60579,1.0,0.0,0.0,1.0,1.0,0.0,-0.23184104261845423,-1.863014245631359,0,0,0,0,0,0,0,0,0,0,0,0,0,0,0,0,0
66898,0.0,0.0,0.0,0.0,0.0,1.0,0.2908099536869261,1.0954667904679558,0,0,0,0,0,0,0,0,0,0,0,0,0,0,0,0,0
17221,1.0,1.0,0.0,0.0,0.0,0.0,1.1946705242288513,1.718873878464523,0,0,0,0,0,0,0,0,0,0,0,0,0,0,0,0,0
66924,0.0,0.0,0.0,1.0,0.0,1.0,0.2050369921327852,-1.2071755750222541,0,0,0,0,0,0,0,0,0,0,0,0,0,0,0,0,0
19493,1.0,0.0,0.0,0.0,0.0,0.0,-0.2275523945407472,-0.8396176387468215,0,0,0,0,0,0,0,0,0,0,0,0,0,0,0,0,0
13166,1.0,1.0,0.0,0.0,0.0,0.0,-0.47736614506718256,1.2071755750222541,0,0,0,0,0,0,0,0,0,0,0,0,0,0,0,0,0
52440,1.0,1.0,0.0,0.0,0.0,0.0,-0.24470698685157535,0.18377896813771627,0,0,0,0,0,0,0,0,0,0,0,0,0,0,0,0,0
48643,1.0,1.0,0.0,0.0,0.0,0.0,-1.4696520940466502,-0.4558439111651198,0,0,0,0,0,0,0,0,0,0,0,0,0,0,0,0,0
51707,1.0,1.0,0.0,0.0,0.0,0.0,-0.2275523945407472,0.05585439227714905,0,0,0,0,0,0,0,0,0,0,0,0,0,0,0,0,0
53166,0.0,0.0,0.0,0.0,0.0,1.0,0.15732578226829433,-1.718873878464523,0,0,0,0,0,0,0,0,0,0,0,0,0,0,0,0,0
35136,0.0,0.0,0.0,1.0,0.0,1.0,-0.08498283412215371,-0.5675526957194179,0,0,0,0,0,0,0,0,0,0,0,0,0,0,0,0,0
55823,1.0,1.0,0.0,0.0,0.0,0.0,-0.002398370461127327,0.5675526957194179,0,0,0,0,0,0,0,0,0,0,0,0,0,0,0,0,0
35706,1.0,1.0,0.0,0.0,0.0,0.0,-0.270974956327531,0.8234018474405523,0,0,0,0,0,0,0,0,0,0,0,0,0,0,0,0,0
68431,0.0,0.0,0.0,0.0,0.0,1.0,0.12248051663692458,-1.4630247267433885,0,0,0,0,0,0,0,0,0,0,0,0,0,0,0,0,0
56235,1.0,1.0,1.0,0.0,0.0,0.0,-0.09085173706383512,0.8234018474405523,0,0,0,0,0,0,0,0,0,0,0,0,0,0,0,0,0
28940,1.0,1.0,1.0,0.0,0.0,0.0,8.097785686308054,-0.9675422146073887,0,0,0,0,0,0,0,0,0,0,0,0,0,0,0,0,0
60198,1.0,1.0,0.0,0.0,0.0,0.0,-0.0029344514708407074,0.3117035439982835,0,0,0,0,0,0,0,0,0,0,0,0,0,0,0,0,0
72662,1.0,1.0,0.0,1.0,0.0,0.0,-0.2275523945407472,-1.9909388214919264,0,0,0,0,0,0,0,0,0,0,0,0,0,0,0,0,0
32556,1.0,1.0,0.0,0.0,0.0,0.0,-0.2275523945407472,-0.4558439111651198,0,0,0,0,0,0,0,0,0,0,0,0,0,0,0,0,0
36561,0.0,0.0,0.0,1.0,0.0,1.0,0.2275523945407472,0.8396176387468215,0,0,0,0,0,0,0,0,0,0,0,0,0,0,0,0,0
60862,1.0,1.0,0.0,0.0,0.0,0.0,-0.2275523945407472,-0.19999475944398537,0,0,0,0,0,0,0,0,0,0,0,0,0,0,0,0,0
41769,1.0,1.0,0.0,1.0,0.0,0.0,-0.2275523945407472,-0.07207018358341817,0,0,0,0,0,0,0,0,0,0,0,0,0,0,0,0,0
37831,1.0,1.0,0.0,0.0,0.0,0.0,-0.16375875438485488,0.18377896813771627,0,0,0,0,0,0,0,0,0,0,0,0,0,0,0,0,0
46016,1.0,1.0,0.0,0.0,0.0,0.0,-0.2741914423858113,-0.4558439111651198,0,0,0,0,0,0,0,0,0,0,0,0,0,0,0,0,0
29674,1.0,1.0,0.0,1.0,0.0,0.0,-0.21468645030762604,-0.9675422146073887,0,0,0,0,0,0,0,0,0,0,0,0,0,0,0,0,0
3785,0.0,0.0,0.0,0.0,0.0,1.0,-0.1659310665888742,0.07207018358341817,0,0,0,0,0,0,0,0,0,0,0,0,0,0,0,0,0
66888,0.0,0.0,0.0,1.0,0.0,1.0,0.2296967185796007,-1.4630247267433885,0,0,0,0,0,0,0,0,0,0,0,0,0,0,0,0,0
14177,1.0,1.0,0.0,0.0,0.0,0.0,-0.13695470389918585,0.5675526957194179,0,0,0,0,0,0,0,0,0,0,0,0,0,0,0,0,0
54811,1.0,1.0,0.0,0.0,0.0,0.0,-0.5138196537276924,-0.9675422146073887,0,0,0,0,0,0,0,0,0,0,0,0,0,0,0,0,0
16025,0.0,0.0,0.0,0.0,0.0,1.0,0.2275523945407472,1.0954667904679558,0,0,0,0,0,0,0,0,0,0,0,0,0,0,0,0,0
13521,1.0,1.0,0.0,1.0,0.0,0.0,-1.0236326939651172,-0.19999475944398537,0,0,0,0,0,0,0,0,0,0,0,0,0,0,0,0,0
15627,1.0,0.0,0.0,1.0,1.0,0.0,-1.346889542822286,-2.7584862766553297,0,0,0,0,0,0,0,0,0,0,0,0,0,0,0,0,0
66865,1.0,1.0,0.0,0.0,0.0,0.0,0.20935362837565802,0.9513264233011196,0,0,0,0,0,0,0,0,0,0,0,0,0,0,0,0,0
23467,0.0,0.0,0.0,0.0,0.0,1.0,0.2275523945407472,-0.4396281198588507,0,0,0,0,0,0,0,0,0,0,0,0,0,0,0,0,0
64654,1.0,,,,,,-0.2275523945407472,-0.8396176387468215,0,0,0,0,0,0,0,0,0,0,0,0,0,0,0,0,0
50063,1.0,1.0,1.0,0.0,0.0,0.0,-0.2323771236281676,2.230572181906792,0,0,0,0,0,0,0,0,0,0,0,0,0,0,0,0,0
26558,0.0,1.0,0.0,0.0,0.0,1.0,2.2941446869858293,1.863014245631359,0,0,0,0,0,0,0,0,0,0,0,0,0,0,0,0,0
71559,1.0,1.0,0.0,0.0,0.0,0.0,-0.23130496160874084,0.8234018474405523,0,0,0,0,0,0,0,0,0,0,0,0,0,0,0,0,0
41216,1.0,0.0,0.0,0.0,0.0,0.0,-0.030810663975936497,0.18377896813771627,0,0,0,0,0,0,0,0,0,0,0,0,0,0,0,0,0
51156,1.0,1.0,0.0,0.0,0.0,0.0,-0.11443930149122387,1.718873878464523,0,0,0,0,0,0,0,0,0,0,0,0,0,0,0,0,0
35091,1.0,1.0,0.0,1.0,0.0,0.0,-0.2731192803663845,0.18377896813771627,0,0,0,0,0,0,0,0,0,0,0,0,0,0,0,0,0
44770,0.0,0.0,0.0,0.0,0.0,1.0,0.2275523945407472,-0.18377896813771627,0,0,0,0,0,0,0,0,0,0,0,0,0,0,0,0,0
51204,1.0,1.0,0.0,0.0,0.0,0.0,-0.2275523945407472,-0.5837684870256871,0,0,0,0,0,0,0,0,0,0,0,0,0,0,0,0,0
22659,0.0,1.0,0.0,0.0,0.0,1.0,0.22004726040475986,1.0954667904679558,0,0,0,0,0,0,0,0,0,0,0,0,0,0,0,0,0
6224,1.0,1.0,0.0,0.0,0.0,0.0,-0.1219444356272112,-0.4558439111651198,0,0,0,0,0,0,0,0,0,0,0,0,0,0,0,0,0
20825,1.0,1.0,1.0,0.0,0.0,0.0,-0.2275523945407472,-0.3279193353045526,0,0,0,0,0,0,0,0,0,0,0,0,0,0,0,0,0
32378,1.0,1.0,0.0,0.0,0.0,0.0,0.5631670947864892,0.4396281198588507,0,0,0,0,0,0,0,0,0,0,0,0,0,0,0,0,0
17242,1.0,1.0,0.0,0.0,0.0,0.0,-0.2275523945407472,0.3117035439982835,0,0,0,0,0,0,0,0,0,0,0,0,0,0,0,0,0
58576,1.0,1.0,0.0,0.0,0.0,0.0,-0.31171711306574795,0.9513264233011196,0,0,0,0,0,0,0,0,0,0,0,0,0,0,0,0,0
32270,0.0,0.0,0.0,0.0,0.0,1.0,0.04689309426733792,1.0954667904679558,0,0,0,0,0,0,0,0,0,0,0,0,0,0,0,0,0
1661,0.0,0.0,0.0,0.0,0.0,1.0,-0.010467573771993807,-1.3351001508828213,0,0,0,0,0,0,0,0,0,0,0,0,0,0,0,0,0
50884,1.0,1.0,0.0,0.0,0.0,0.0,-0.2275523945407472,0.05585439227714905,0,0,0,0,0,0,0,0,0,0,0,0,0,0,0,0,0
12984,1.0,0.0,0.0,0.0,0.0,0.0,0.3503429339302771,-0.19999475944398537,0,0,0,0,0,0,0,0,0,0,0,0,0,0,0,0,0
70032,1.0,1.0,0.0,0.0,0.0,0.0,-0.2275523945407472,-0.7116930628862542,0,0,0,0,0,0,0,0,0,0,0,0,0,0,0,0,0
51240,1.0,1.0,0.0,0.0,0.0,0.0,0.024941761034255085,-0.07207018358341817,0,0,0,0,0,0,0,0,0,0,0,0,0,0,0,0,0
59355,0.0,0.0,0.0,0.0,0.0,1.0,0.21093388323963239,-1.3351001508828213,0,0,0,0,0,0,0,0,0,0,0,0,0,0,0,0,0
50500,1.0,1.0,0.0,0.0,0.0,0.0,-0.2275523945407472,-0.7116930628862542,0,0,0,0,0,0,0,0,0,0,0,0,0,0,0,0,0
20460,1.0,1.0,0.0,0.0,0.0,0.0,5.8869876022500724,2.486421333627926,0,0,0,0,0,0,0,0,0,0,0,0,0,0,0,0,0
10795,0.0,0.0,0.0,0.0,0.0,1.0,0.2275523945407472,0.8396176387468215,0,0,0,0,0,0,0,0,0,0,0,0,0,0,0,0,0
73108,1.0,1.0,0.0,0.0,0.0,0.0,-0.2275523945407472,0.9513264233011196,0,0,0,0,0,0,0,0,0,0,0,0,0,0,0,0,0
15333,1.0,1.0,0.0,0.0,0.0,0.0,-0.5615308635921833,0.18377896813771627,0,0,0,0,0,0,0,0,0,0,0,0,0,0,0,0,0
47463,1.0,1.0,1.0,0.0,0.0,0.0,0.10964256056896922,-0.07207018358341817,0,0,0,0,0,0,0,0,0,0,0,0,0,0,0,0,0
20737,1.0,1.0,0.0,0.0,0.0,0.0,-0.2275523945407472,0.4396281198588507,0,0,0,0,0,0,0,0,0,0,0,0,0,0,0,0,0
1130,1.0,1.0,0.0,1.0,0.0,0.0,1.5656385829505108,-0.4558439111651198,0,0,0,0,0,0,0,0,0,0,0,0,0,0,0,0,0
34615,1.0,1.0,0.0,1.0,0.0,0.0,-0.3787272392799205,0.05585439227714905,0,0,0,0,0,0,0,0,0,0,0,0,0,0,0,0,0
49278,1.0,1.0,1.0,0.0,0.0,0.0,-0.09942903321924922,-0.4558439111651198,0,0,0,0,0,0,0,0,0,0,0,0,0,0,0,0,0
1231,1.0,1.0,0.0,0.0,0.0,0.0,-0.22594415151160704,-1.4792405180496575,0,0,0,0,0,0,0,0,0,0,0,0,0,0,0,0,0
25730,1.0,1.0,0.0,0.0,0.0,0.0,-0.2275523945407472,0.9513264233011196,0,0,0,0,0,0,0,0,0,0,0,0,0,0,0,0,0
31635,1.0,1.0,0.0,1.0,0.0,0.0,-0.3873045354353346,-0.3279193353045526,0,0,0,0,0,0,0,0,0,0,0,0,0,0,0,0,0
44196,1.0,1.0,1.0,0.0,0.0,0.0,0.20506498029795095,-0.19999475944398537,0,0,0,0,0,0,0,0,0,0,0,0,0,0,0,0,0
13093,1.0,1.0,1.0,0.0,0.0,0.0,0.27797199761897073,,0,0,0,0,0,0,0,0,0,0,0,0,0,0,0,0,0
35709,1.0,1.0,0.0,0.0,0.0,0.0,-0.18144942770539643,0.3117035439982835,0,0,0,0,0,0,0,0,0,0,0,0,0,0,0,0,0
11642,0.0,1.0,0.0,0.0,0.0,1.0,0.3283356243668627,-0.4396281198588507,0,0,0,0,0,0,0,0,0,0,0,0,0,0,0,0,0
45780,1.0,0.0,0.0,0.0,0.0,0.0,-0.4586033097272142,-0.8396176387468215,0,0,0,0,0,0,0,0,0,0,0,0,0,0,0,0,0
48688,1.0,1.0,0.0,0.0,0.0,0.0,-0.2275523945407472,-2.1188633973524933,0,0,0,0,0,0,0,0,0,0,0,0,0,0,0,0,0
56479,0.0,0.0,0.0,0.0,0.0,1.0,0.12944956976319852,-0.6954772715799851,0,0,0,0,0,0,0,0,0,0,0,0,0,0,0,0,0
1001,1.0,1.0,1.0,0.0,0.0,0.0,-0.05439822840332524,0.8234018474405523,0,0,0,0,0,0,0,0,0,0,0,0,0,0,0,0,0
43357,1.0,1.0,0.0,0.0,0.0,0.0,-0.21683077434647957,0.5675526957194179,0,0,0,0,0,0,0,0,0,0,0,0,0,0,0,0,0
61972,1.0,1.0,0.0,1.0,0.0,0.0,5.1788245884186965,-1.4792405180496575,0,0,0,0,0,0,0,0,0,0,0,0,0,0,0,0,0
1107,1.0,1.0,0.0,0.0,0.0,0.0,0.1128590466272495,-0.7116930628862542,0,0,0,0,0,0,0,0,0,0,0,0,0,0,0,0,0
44467,1.0,1.0,0.0,0.0,0.0,0.0,-0.09138781807354851,-1.6071650939102247,0,0,0,0,0,0,0,0,0,0,0,0,0,0,0,0,0
24668,1.0,0.0,0.0,0.0,0.0,0.0,-0.342809811629124,-0.8396176387468215,0,0,0,0,0,0,0,0,0,0,0,0,0,0,0,0,0
69310,1.0,1.0,0.0,0.0,0.0,0.0,-0.23666577170587463,-0.4558439111651198,0,0,0,0,0,0,0,0,0,0,0,0,0,0,0,0,0
25900,1.0,1.0,0.0,0.0,0.0,0.0,-0.4157168289501438,-0.9675422146073887,0,0,0,0,0,0,0,0,0,0,0,0,0,0,0,0,0
73237,0.0,0.0,0.0,0.0,0.0,1.0,0.34977886475539793,-0.5675526957194179,0,0,0,0,0,0,0,0,0,0,0,0,0,0,0,0,0
54368,0.0,0.0,0.0,1.0,0.0,1.0,0.052789985374185104,-0.18377896813771627,0,0,0,0,0,0,0,0,0,0,0,0,0,0,0,0,0
56585,0.0,1.0,0.0,0.0,0.0,1.0,0.2275523945407472,1.0954667904679558,0,0,0,0,0,0,0,0,0,0,0,0,0,0,0,0,0
16795,0.0,1.0,0.0,0.0,0.0,1.0,0.3406654875902705,-0.3117035439982835,0,0,0,0,0,0,0,0,0,0,0,0,0,0,0,0,0
56939,1.0,1.0,0.0,0.0,0.0,0.0,-0.1358825418797591,0.3117035439982835,0,0,0,0,0,0,0,0,0,0,0,0,0,0,0,0,0
47400,0.0,1.0,0.0,0.0,0.0,1.0,-0.25224010915272843,0.5837684870256871,0,0,0,0,0,0,0,0,0,0,0,0,0,0,0,0,0
5548,1.0,0.0,0.0,0.0,0.0,0.0,-0.2275523945407472,-0.8396176387468215,0,0,0,0,0,0,0,0,0,0,0,0,0,0,0,0,0
52426,1.0,1.0,0.0,0.0,0.0,0.0,-0.4232219630861311,-0.8396176387468215,0,0,0,0,0,0,0,0,0,0,0,0,0,0,0,0,0
49520,1.0,1.0,0.0,0.0,0.0,0.0,-0.2275523945407472,-1.6071650939102247,0,0,0,0,0,0,0,0,0,0,0,0,0,0,0,0,0
13370,1.0,1.0,0.0,0.0,0.0,0.0,-0.2275523945407472,1.9747230301856573,0,0,0,0,0,0,0,0,0,0,0,0,0,0,0,0,0
57397,0.0,1.0,1.0,0.0,1.0,1.0,0.138562946928326,0.7116930628862542,0,0,0,0,0,0,0,0,0,0,0,0,0,0,0,0,0
37201,1.0,1.0,0.0,0.0,0.0,0.0,-0.2275523945407472,-0.07207018358341817,0,0,0,0,0,0,0,0,0,0,0,0,0,0,0,0,0
24535,1.0,1.0,0.0,0.0,0.0,0.0,-0.2275523945407472,-0.07207018358341817,0,0,0,0,0,0,0,0,0,0,0,0,0,0,0,0,0
46957,1.0,1.0,0.0,0.0,0.0,0.0,0.16110633750145376,0.5675526957194179,0,0,0,0,0,0,0,0,0,0,0,0,0,0,0,0,0
58083,0.0,0.0,0.0,0.0,0.0,1.0,-0.3562398250371243,-0.5675526957194179,0,0,0,0,0,0,0,0,0,0,0,0,0,0,0,0,0
8362,1.0,1.0,0.0,0.0,0.0,0.0,-0.1685834834722753,-1.223391366328523,0,0,0,0,0,0,0,0,0,0,0,0,0,0,0,0,0
16675,1.0,1.0,0.0,1.0,0.0,0.0,-0.2463152298807155,-0.07207018358341817,0,0,0,0,0,0,0,0,0,0,0,0,0,0,0,0,0
45019,1.0,1.0,1.0,0.0,0.0,0.0,6.09284270998001,-0.5837684870256871,0,0,0,0,0,0,0,0,0,0,0,0,0,0,0,0,0
64231,1.0,1.0,0.0,0.0,0.0,0.0,-0.282232657531512,-0.8396176387468215,0,0,0,0,0,0,0,0,0,0,0,0,0,0,0,0,0
12689,1.0,1.0,0.0,0.0,0.0,0.0,-0.4092838568335832,-0.7116930628862542,0,0,0,0,0,0,0,0,0,0,0,0,0,0,0,0,0
52436,1.0,1.0,0.0,0.0,0.0,0.0,-0.2275523945407472,0.05585439227714905,0,0,0,0,0,0,0,0,0,0,0,0,0,0,0,0,0
194,1.0,1.0,0.0,0.0,0.0,0.0,0.1434156641809122,1.4630247267433885,0,0,0,0,0,0,0,0,0,0,0,0,0,0,0,0,0
3707,1.0,1.0,0.0,0.0,0.0,0.0,1.085309998247322,0.8234018474405523,0,0,0,0,0,0,0,0,0,0,0,0,0,0,0,0,0
52457,1.0,0.0,0.0,0.0,0.0,0.0,0.1273332338895108,-0.3279193353045526,0,0,0,0,0,0,0,0,0,0,0,0,0,0,0,0,0
9874,1.0,1.0,0.0,0.0,0.0,0.0,-0.2543564450264162,0.3117035439982835,0,0,0,0,0,0,0,0,0,0,0,0,0,0,0,0,0
7985,0.0,0.0,0.0,0.0,0.0,1.0,0.2275523945407472,-0.8234018474405523,0,0,0,0,0,0,0,0,0,0,0,0,0,0,0,0,0
64569,1.0,1.0,0.0,0.0,0.0,0.0,-0.21093388323963239,0.3117035439982835,0,0,0,0,0,0,0,0,0,0,0,0,0,0,0,0,0
7251,1.0,1.0,0.0,0.0,0.0,0.0,-0.12784132673405837,-0.5837684870256871,0,0,0,0,0,0,0,0,0,0,0,0,0,0,0,0,0
32211,1.0,1.0,0.0,0.0,0.0,0.0,-1.0102306687222828,-0.4558439111651198,0,0,0,0,0,0,0,0,0,0,0,0,0,0,0,0,0
35566,1.0,1.0,0.0,1.0,0.0,0.0,-0.19914010102593802,-1.7350896697707918,0,0,0,0,0,0,0,0,0,0,0,0,0,0,0,0,0
39802,1.0,1.0,0.0,0.0,0.0,0.0,-0.25650076906526975,-0.8396176387468215,0,0,0,0,0,0,0,0,0,0,0,0,0,0,0,0,0
66376,0.0,0.0,0.0,1.0,0.0,1.0,0.36371697100794587,-0.3117035439982835,0,0,0,0,0,0,0,0,0,0,0,0,0,0,0,0,0
36077,1.0,1.0,0.0,0.0,0.0,0.0,-0.2833048195509388,-1.4792405180496575,0,0,0,0,0,0,0,0,0,0,0,0,0,0,0,0,0
47304,1.0,1.0,0.0,1.0,0.0,0.0,-0.2404183387738683,-0.3279193353045526,0,0,0,0,0,0,0,0,0,0,0,0,0,0,0,0,0
37169,1.0,1.0,0.0,0.0,0.0,0.0,-0.2275523945407472,0.18377896813771627,0,0,0,0,0,0,0,0,0,0,0,0,0,0,0,0,0
32496,1.0,1.0,0.0,1.0,0.0,0.0,-0.0007901274319871851,1.5909493026039558,0,0,0,0,0,0,0,0,0,0,0,0,0,0,0,0,0
17511,1.0,1.0,0.0,0.0,0.0,0.0,-0.2275523945407472,0.4396281198588507,0,0,0,0,0,0,0,0,0,0,0,0,0,0,0,0,0
15610,1.0,1.0,0.0,1.0,0.0,0.0,0.7722386885747077,-2.374712549073628,0,0,0,0,0,0,0,0,0,0,0,0,0,0,0,0,0
46855,0.0,0.0,0.0,0.0,0.0,1.0,0.21683077434647957,-1.4630247267433885,0,0,0,0,0,0,0,0,0,0,0,0,0,0,0,0,0
4304,1.0,1.0,0.0,0.0,0.0,0.0,-0.2275523945407472,1.079250999161687,0,0,0,0,0,0,0,0,0,0,0,0,0,0,0,0,0
4430,1.0,1.0,0.0,0.0,0.0,0.0,0.15038471730718614,-0.4558439111651198,0,0,0,0,0,0,0,0,0,0,0,0,0,0,0,0,0
32380,1.0,1.0,0.0,0.0,0.0,0.0,-0.2275523945407472,0.8234018474405523,0,0,0,0,0,0,0,0,0,0,0,0,0,0,0,0,0
41494,1.0,1.0,0.0,0.0,0.0,0.0,-0.12248051663692458,-0.19999475944398537,0,0,0,0,0,0,0,0,0,0,0,0,0,0,0,0,0
5246,0.0,0.0,0.0,0.0,0.0,1.0,0.08281052191813441,0.7116930628862542,0,0,0,0,0,0,0,0,0,0,0,0,0,0,0,0,0
49727,1.0,1.0,1.0,0.0,0.0,0.0,1.0885264843056022,0.5675526957194179,0,0,0,0,0,0,0,0,0,0,0,0,0,0,0,0,0
29009,1.0,1.0,0.0,0.0,0.0,0.0,-0.19699577698708448,1.5909493026039558,0,0,0,0,0,0,0,0,0,0,0,0,0,0,0,0,0
